	TAGGCATGACTGCATA	TAAGGCGAAGAGTAGA	CAGAGAGGTAGATCGC	GTAGAGGACTAAGCCT	AAGAGGCAAAGGAGTA	GTAGAGGACTCTCTAT	CGAGGCTGCTAAGCCT	CTCTCTACGTAAGGAG	TCCTGAGCGTAAGGAG
6 37045381 TA	1	-1	1	-1	0	1	-1	1	-1
6 85678734 AC	-1	1	-1	-1	-1	0	-1	0	-1
6 85678737 GC	-1	1	-1	-1	-1	0	-1	0	-1
6 85678739 AT	-1	1	-1	-1	-1	0	-1	0	-1
6 85678742 GA	-1	1	-1	-1	-1	0	-1	0	-1
6 85678744 GT	-1	1	-1	-1	-1	1	-1	0	-1
6 85678746 AT	-1	1	-1	-1	-1	1	-1	0	-1
6 99557503 GC	-1	-1	-1	0	-1	0	0	-1	-1
11 110127620 TC	0	-1	0	-1	-1	-1	-1	-1	-1
11 110127796 AG	0	-1	0	-1	-1	-1	-1	-1	-1
